               epoch,      train/box_loss,      train/obj_loss,      train/cls_loss,   metrics/precision,      metrics/recall,     metrics/mAP_0.5,metrics/mAP_0.5:0.95,        val/box_loss,        val/obj_loss,        val/cls_loss,               x/lr0,               x/lr1,               x/lr2
                   0,             0.12007,             0.03258,            0.030273,          0.00059067,                 0.1,          0.00037771,          8.6511e-05,            0.090361,            0.027718,            0.022333,              0.0991,              0.0001,              0.0001
                   1,             0.12507,             0.03164,            0.029886,          0.00059242,                 0.1,          0.00037803,          5.4645e-05,            0.089394,            0.026802,            0.022119,            0.097299,          0.00029901,          0.00029901
                   2,             0.12109,            0.033681,            0.029736,          0.00029551,                0.05,           0.0001681,          5.0429e-05,             0.08835,            0.026047,            0.021875,            0.095497,           0.0004967,           0.0004967
                   3,             0.11996,            0.032708,            0.029438,           0.0012129,               0.225,          0.00089461,          0.00014653,            0.085401,            0.025112,             0.02146,            0.093693,          0.00069307,          0.00069307
                   4,             0.11702,            0.032256,            0.029157,           0.0021489,              0.4125,           0.0021483,          0.00047883,            0.081603,            0.023891,            0.020648,            0.091888,          0.00088812,          0.00088812
                   5,             0.11146,            0.031315,            0.028562,           0.0021476,              0.4125,           0.0031292,          0.00064296,            0.076056,            0.023136,              0.0198,            0.090082,           0.0010819,           0.0010819
                   6,             0.10375,            0.031254,            0.029277,           0.0033508,               0.625,            0.005115,           0.0012503,            0.069824,            0.022692,            0.018988,            0.088274,           0.0012743,           0.0012743
                   7,             0.10123,            0.033815,            0.028837,           0.0033512,               0.625,           0.0054369,           0.0017064,             0.06497,            0.021976,            0.018512,            0.086465,           0.0014653,           0.0014653
                   8,            0.088363,            0.033892,            0.029006,           0.0033579,               0.625,            0.006008,           0.0018478,             0.06039,            0.021388,            0.017841,            0.084655,           0.0016551,           0.0016551
                   9,            0.091165,              0.0314,            0.027034,           0.0042249,               0.775,            0.015841,           0.0035529,            0.055813,            0.021387,            0.017334,            0.082844,           0.0018436,           0.0018436
                  10,            0.081115,            0.031225,            0.027768,           0.0095757,                 0.9,            0.090637,            0.020285,            0.051031,            0.021808,            0.016974,            0.081031,           0.0020307,           0.0020307
                  11,            0.080974,            0.033168,            0.025622,            0.045315,                0.15,            0.062763,            0.017988,            0.051048,            0.019724,            0.016064,            0.079217,           0.0022165,           0.0022165
                  12,             0.07566,            0.030984,             0.02298,             0.17235,               0.375,             0.18682,            0.049342,            0.045245,            0.019842,            0.015686,            0.077401,            0.002401,            0.002401
                  13,            0.075894,            0.030315,            0.025303,             0.20537,               0.525,              0.2926,            0.069054,            0.044783,            0.018517,            0.014905,            0.075584,           0.0025842,           0.0025842
                  14,            0.078919,            0.026715,            0.022559,             0.18582,              0.5875,             0.26528,            0.071032,            0.043656,            0.017972,            0.014502,            0.073766,            0.002766,            0.002766
                  15,            0.074496,            0.026012,            0.022281,            0.062856,              0.4625,             0.10516,            0.038345,            0.046695,            0.017463,             0.01424,            0.071947,           0.0029465,           0.0029465
                  16,            0.071796,            0.028122,            0.021523,             0.19423,               0.525,             0.37268,             0.14429,            0.042192,            0.017802,            0.013867,            0.070126,           0.0031258,           0.0031258
                  17,            0.074853,            0.025154,            0.021715,             0.12317,              0.7125,             0.17739,            0.068189,            0.047282,            0.017948,            0.013086,            0.068304,           0.0033037,           0.0033037
                  18,            0.067969,            0.025542,            0.018596,             0.31709,               0.775,             0.53739,             0.16534,            0.042682,            0.017689,            0.011911,             0.06648,           0.0034802,           0.0034802
                  19,            0.066995,              0.0246,            0.018746,             0.35615,             0.63677,             0.60108,             0.22112,            0.040045,            0.017511,            0.011047,            0.064655,           0.0036555,           0.0036555
                  20,            0.066584,            0.022853,            0.015997,             0.25826,               0.775,             0.53577,             0.18923,            0.041941,            0.017224,            0.010397,            0.062829,           0.0038294,           0.0038294
                  21,            0.066482,            0.023884,             0.01673,             0.35067,              0.7125,             0.53158,             0.19471,            0.043644,            0.015931,           0.0097992,            0.061002,            0.004002,            0.004002
                  22,            0.066052,            0.023303,            0.017319,             0.43879,             0.58298,             0.50718,             0.15619,             0.04422,            0.015057,            0.010031,            0.059173,           0.0041733,           0.0041733
                  23,            0.065999,            0.025675,            0.015324,             0.51984,                 0.6,             0.62471,             0.25485,            0.036842,            0.015038,           0.0099121,            0.057343,           0.0043433,           0.0043433
                  24,            0.062593,            0.023803,            0.013908,             0.52233,              0.5375,             0.61866,             0.22317,            0.038671,            0.015225,           0.0093964,            0.055512,           0.0045119,           0.0045119
                  25,            0.058937,            0.021281,            0.013618,             0.45386,                0.55,              0.4623,              0.1444,            0.049985,            0.015096,           0.0086639,            0.053679,           0.0046793,           0.0046793
                  26,            0.063706,            0.023634,            0.013993,             0.43594,                 0.6,             0.43829,             0.17355,            0.041156,            0.014668,           0.0078094,            0.051845,           0.0048453,           0.0048453
                  27,             0.06041,            0.023326,            0.013184,             0.23861,                 0.6,             0.30489,             0.14934,            0.047907,            0.014538,           0.0071808,             0.05001,             0.00501,             0.00501
                  28,            0.060304,            0.021728,            0.010187,             0.42864,             0.52631,             0.43025,             0.16798,            0.042812,            0.014493,           0.0078369,            0.048173,           0.0051733,           0.0051733
                  29,            0.061568,            0.023039,            0.011491,             0.26839,                0.55,             0.31936,             0.15859,            0.059405,            0.014282,           0.0086578,            0.046335,           0.0053354,           0.0053354
                  30,            0.067511,            0.017844,            0.011353,             0.32778,              0.7125,             0.45379,             0.15952,            0.045618,            0.012047,           0.0097443,            0.044496,           0.0054961,           0.0054961
                  31,              0.0601,            0.020179,            0.013891,             0.27822,             0.64876,             0.38655,             0.14648,              0.0467,            0.011151,           0.0095551,            0.042656,           0.0056555,           0.0056555
                  32,            0.064449,            0.020159,            0.012125,             0.47807,               0.425,             0.44086,             0.14445,            0.046242,            0.012067,            0.009726,            0.040814,           0.0058136,           0.0058136
                  33,            0.070105,            0.018722,           0.0088891,             0.47762,              0.5375,             0.57093,             0.20273,             0.04252,            0.011468,           0.0092194,             0.03897,           0.0059704,           0.0059704
                  34,            0.057999,             0.02126,             0.01519,             0.60524,              0.5968,             0.58468,             0.24332,            0.039769,             0.01105,            0.010672,            0.037126,           0.0061258,           0.0061258
                  35,            0.065946,            0.018338,            0.011336,             0.50882,                0.55,             0.39605,             0.17821,            0.049768,            0.011425,            0.010001,             0.03528,             0.00628,             0.00628
                  36,            0.063977,            0.021722,            0.008498,             0.41062,                 0.6,             0.41305,             0.15263,            0.041979,            0.011838,           0.0096375,            0.033433,           0.0064328,           0.0064328
                  37,            0.063477,             0.01955,            0.010471,             0.29033,               0.475,             0.34335,             0.15792,            0.050557,            0.011492,           0.0087921,            0.031584,           0.0065842,           0.0065842
                  38,            0.065954,            0.021191,           0.0087209,              0.3672,             0.54973,             0.37342,             0.15157,            0.042257,            0.011575,           0.0086456,            0.029734,           0.0067344,           0.0067344
                  39,            0.061937,            0.019778,           0.0092726,             0.42584,                0.55,             0.35767,             0.15284,            0.044794,            0.011713,           0.0077759,            0.027883,           0.0068833,           0.0068833
                  40,            0.060801,            0.020365,            0.012169,             0.54844,              0.6125,             0.63022,              0.2886,            0.036008,            0.010835,           0.0079376,            0.026031,           0.0070308,           0.0070308
                  41,            0.063225,            0.019391,           0.0088449,             0.37744,                0.55,             0.32805,              0.1754,            0.051673,             0.01052,           0.0071823,            0.024177,            0.007177,            0.007177
                  42,              0.0639,            0.018145,           0.0082876,             0.58096,               0.725,             0.63344,             0.23628,            0.036886,            0.010139,           0.0076202,            0.022322,           0.0073219,           0.0073219
                  43,            0.060623,            0.018134,            0.011206,             0.55877,              0.4875,             0.51076,             0.18766,            0.042398,            0.010158,           0.0081512,            0.020465,           0.0074655,           0.0074655
                  44,            0.060392,            0.018997,            0.009808,             0.63623,             0.59042,             0.56261,              0.2722,            0.040527,             0.01031,           0.0084442,            0.018608,           0.0076077,           0.0076077
                  45,            0.061408,            0.020533,           0.0087543,             0.40727,              0.5625,             0.45127,             0.16942,            0.047823,            0.010848,           0.0075806,            0.016749,           0.0077486,           0.0077486
                  46,            0.061275,             0.01978,           0.0073076,             0.58992,              0.4875,             0.56255,             0.22799,            0.039305,            0.010364,           0.0067307,            0.014888,           0.0078883,           0.0078883
                  47,            0.061505,            0.018134,           0.0079505,             0.33601,                 0.5,             0.40581,             0.17666,            0.047827,            0.011547,           0.0053329,            0.013027,           0.0080266,           0.0080266
                  48,            0.058692,            0.022064,            0.012115,             0.67141,                 0.5,             0.54856,             0.29317,            0.035572,            0.011013,           0.0072052,            0.011164,           0.0081635,           0.0081635
                  49,            0.058289,            0.018878,           0.0078733,             0.29983,              0.7125,             0.41105,             0.14797,            0.044662,            0.011941,           0.0042389,           0.0092992,           0.0082992,           0.0082992
                  50,            0.063784,            0.017636,            0.010428,             0.66852,              0.6125,             0.65435,              0.2542,            0.040988,             0.01109,           0.0052917,             0.00835,             0.00835,             0.00835
                  51,            0.056442,            0.019928,           0.0085245,             0.43279,                 0.6,             0.46556,             0.20568,            0.045441,            0.013616,            0.005809,             0.00835,             0.00835,             0.00835
                  52,            0.062785,            0.020326,           0.0099467,             0.44713,              0.5625,             0.45807,             0.20319,            0.043264,            0.014286,           0.0086365,            0.008317,            0.008317,            0.008317
                  53,             0.06197,            0.019967,           0.0089688,             0.35465,                 0.5,             0.41402,             0.18049,            0.042794,            0.014083,           0.0089935,            0.008284,            0.008284,            0.008284
                  54,            0.062516,             0.01856,            0.010609,              0.3859,              0.4375,             0.40413,             0.11641,            0.043502,            0.016607,           0.0095215,            0.008251,            0.008251,            0.008251
                  55,            0.055572,            0.022048,           0.0092852,             0.39373,              0.3875,              0.3072,             0.12938,            0.046193,            0.015967,            0.013129,            0.008218,            0.008218,            0.008218
                  56,            0.057259,            0.018883,            0.010004,             0.62385,             0.42558,              0.3867,             0.12686,            0.043619,            0.016558,           0.0081818,            0.008185,            0.008185,            0.008185
                  57,            0.061447,             0.01912,           0.0080191,             0.24437,               0.375,             0.21076,             0.10828,            0.045714,            0.017646,           0.0076019,            0.008152,            0.008152,            0.008152
                  58,            0.054813,             0.01738,           0.0074571,             0.36603,               0.425,             0.30615,            0.082382,            0.042722,            0.016789,            0.007077,            0.008119,            0.008119,            0.008119
                  59,            0.052733,            0.016301,            0.008479,             0.41848,               0.375,             0.28525,             0.11546,             0.04373,            0.015233,           0.0070801,            0.008086,            0.008086,            0.008086
                  60,            0.056371,            0.017166,            0.011242,             0.61374,             0.38612,              0.4923,             0.19404,            0.037873,            0.013624,           0.0053894,            0.008053,            0.008053,            0.008053
                  61,            0.054188,             0.01817,           0.0074946,             0.39845,               0.725,             0.50526,             0.17643,              0.0426,            0.014324,            0.005687,             0.00802,             0.00802,             0.00802
                  62,            0.054967,            0.020514,           0.0079984,             0.28763,              0.7234,             0.44515,             0.18121,            0.043449,            0.014974,           0.0055725,            0.007987,            0.007987,            0.007987
                  63,            0.054951,            0.016554,           0.0057894,             0.40576,                 0.6,             0.47823,             0.17671,            0.046303,            0.014034,           0.0056702,            0.007954,            0.007954,            0.007954
                  64,            0.057823,             0.01939,            0.011093,              0.6529,             0.69979,             0.69336,             0.28692,            0.036912,            0.012988,           0.0060196,            0.007921,            0.007921,            0.007921
                  65,            0.049719,             0.01624,           0.0087338,             0.49043,                 0.6,             0.53945,              0.2472,            0.038503,            0.013339,           0.0064896,            0.007888,            0.007888,            0.007888
                  66,            0.057918,            0.018022,            0.007753,             0.58227,             0.77767,             0.61572,             0.25603,            0.038521,            0.011558,           0.0054184,            0.007855,            0.007855,            0.007855
                  67,            0.055321,            0.017315,           0.0083838,             0.47768,              0.5625,             0.46596,             0.21591,             0.04263,            0.012096,           0.0057938,            0.007822,            0.007822,            0.007822
                  68,            0.054263,            0.016414,           0.0078571,             0.52688,             0.74819,             0.59395,             0.26018,            0.035104,            0.013913,           0.0061035,            0.007789,            0.007789,            0.007789
                  69,            0.054612,            0.018001,           0.0063781,             0.52326,              0.6125,             0.58078,             0.22125,            0.042513,            0.014672,           0.0057312,            0.007756,            0.007756,            0.007756
                  70,            0.051324,            0.018141,            0.010028,             0.63622,             0.73007,             0.69091,             0.29011,            0.033786,            0.012892,           0.0048782,            0.007723,            0.007723,            0.007723
                  71,            0.047842,            0.016835,           0.0084194,              0.5603,             0.67022,             0.54235,              0.2291,            0.038174,            0.012088,           0.0053314,             0.00769,             0.00769,             0.00769
                  72,            0.048313,            0.017059,             0.00728,             0.63277,                0.55,             0.63452,             0.30318,            0.035519,            0.012043,           0.0073395,            0.007657,            0.007657,            0.007657
                  73,            0.050227,            0.016366,           0.0083362,             0.47558,              0.6625,             0.59045,             0.25526,            0.039114,             0.01279,           0.0092316,            0.007624,            0.007624,            0.007624
                  74,            0.053743,            0.016374,           0.0081864,             0.81596,             0.71372,             0.76915,             0.37365,            0.031127,            0.012852,           0.0070816,            0.007591,            0.007591,            0.007591
                  75,             0.04906,            0.017582,           0.0056893,             0.51227,             0.65303,             0.56429,             0.26388,            0.036666,            0.011614,           0.0074982,            0.007558,            0.007558,            0.007558
                  76,            0.052339,            0.018867,           0.0091048,             0.49917,             0.77448,             0.61394,             0.25601,            0.038466,            0.011627,           0.0069412,            0.007525,            0.007525,            0.007525
                  77,            0.053056,            0.016757,           0.0087143,             0.55163,             0.70177,             0.64252,              0.2925,            0.036184,            0.010879,           0.0070709,            0.007492,            0.007492,            0.007492
                  78,            0.048943,            0.018921,           0.0065213,             0.83151,             0.59983,             0.70522,             0.34147,            0.032171,            0.011497,           0.0083618,            0.007459,            0.007459,            0.007459
                  79,            0.049568,            0.018188,           0.0081137,             0.63146,               0.675,             0.72127,             0.36244,            0.032798,            0.011536,           0.0097076,            0.007426,            0.007426,            0.007426
                  80,            0.044788,            0.018987,           0.0063737,             0.77418,                0.55,              0.6807,             0.34097,            0.032707,            0.012803,            0.011124,            0.007393,            0.007393,            0.007393
                  81,            0.045032,            0.015127,           0.0079939,             0.64806,             0.77969,              0.7395,             0.35075,            0.032589,            0.013401,            0.011462,             0.00736,             0.00736,             0.00736
                  82,            0.045115,            0.017064,           0.0076183,             0.61415,                0.55,             0.59523,              0.2782,            0.033853,            0.013355,            0.010983,            0.007327,            0.007327,            0.007327
                  83,            0.049642,            0.016362,           0.0078317,             0.53436,               0.725,             0.66158,             0.26385,            0.032486,            0.012179,            0.011484,            0.007294,            0.007294,            0.007294
                  84,            0.051209,            0.018655,           0.0063631,             0.56456,             0.78443,              0.6352,             0.27808,            0.033484,            0.011245,            0.011584,            0.007261,            0.007261,            0.007261
                  85,            0.044107,            0.015858,           0.0057396,             0.65196,             0.75745,             0.72424,             0.35237,            0.033022,            0.010971,            0.012927,            0.007228,            0.007228,            0.007228
                  86,            0.048869,            0.015786,           0.0086739,              0.4601,              0.7875,             0.55135,             0.26598,            0.033797,            0.011152,             0.01134,            0.007195,            0.007195,            0.007195
                  87,            0.044821,            0.016145,           0.0070101,             0.63261,             0.76908,             0.79545,              0.3965,             0.03258,            0.010037,           0.0099731,            0.007162,            0.007162,            0.007162
                  88,            0.049364,            0.019424,           0.0079615,              0.5212,             0.78727,             0.71942,             0.34692,            0.031133,            0.010006,            0.009848,            0.007129,            0.007129,            0.007129
                  89,             0.04164,            0.021322,           0.0067124,             0.75229,                0.55,             0.72828,             0.39374,            0.031087,            0.010301,            0.009903,            0.007096,            0.007096,            0.007096
                  90,            0.046054,            0.017064,           0.0060604,             0.57617,              0.7513,             0.75395,             0.32687,            0.032914,            0.010692,            0.010144,            0.007063,            0.007063,            0.007063
                  91,            0.044231,            0.017042,           0.0082258,               0.577,             0.81472,             0.72406,             0.35218,            0.031134,            0.010663,           0.0097778,             0.00703,             0.00703,             0.00703
                  92,            0.041942,            0.015115,           0.0063551,             0.52355,              0.7875,             0.69192,             0.28646,            0.034055,             0.01118,           0.0085571,            0.006997,            0.006997,            0.006997
                  93,            0.045791,            0.014627,           0.0069017,             0.69636,              0.7375,             0.74706,             0.40641,            0.028525,            0.010525,           0.0068497,            0.006964,            0.006964,            0.006964
                  94,            0.044957,            0.019133,           0.0075831,             0.63923,              0.7834,             0.69157,             0.28964,            0.034112,            0.011368,           0.0068405,            0.006931,            0.006931,            0.006931
                  95,            0.043965,             0.01551,            0.010215,              0.7508,                0.85,             0.79657,              0.3143,            0.030082,            0.011073,           0.0068741,            0.006898,            0.006898,            0.006898
                  96,            0.047805,            0.017744,           0.0077605,             0.56456,             0.66764,             0.56693,             0.26943,            0.034442,            0.011589,           0.0068604,            0.006865,            0.006865,            0.006865
                  97,            0.048767,            0.019078,           0.0059542,             0.70934,             0.78092,               0.761,             0.33044,            0.032404,            0.011357,           0.0071198,            0.006832,            0.006832,            0.006832
                  98,            0.046549,             0.01642,           0.0080611,             0.67923,             0.73554,             0.70716,             0.29919,            0.032437,            0.011253,           0.0074188,            0.006799,            0.006799,            0.006799
                  99,            0.044949,            0.016686,           0.0063796,              0.7311,             0.84055,             0.80257,             0.36024,            0.029019,            0.010706,           0.0078613,            0.006766,            0.006766,            0.006766
                 100,            0.049131,            0.015477,           0.0054385,             0.74679,                0.85,             0.78235,             0.29932,            0.033572,             0.01129,           0.0084717,            0.006733,            0.006733,            0.006733
                 101,            0.051111,            0.016042,           0.0067155,             0.75394,              0.7875,              0.7208,             0.36457,            0.028895,            0.010279,           0.0084198,              0.0067,              0.0067,              0.0067
                 102,            0.047159,            0.015784,           0.0046444,             0.81125,             0.84724,              0.7971,             0.40159,            0.028061,            0.010305,           0.0084869,            0.006667,            0.006667,            0.006667
                 103,            0.045781,            0.014513,           0.0042567,             0.70015,                0.85,             0.79626,             0.37305,            0.027749,            0.010374,            0.008609,            0.006634,            0.006634,            0.006634
                 104,            0.047091,            0.017162,           0.0074224,             0.80949,                0.85,             0.82438,             0.40631,            0.028413,           0.0097115,           0.0088318,            0.006601,            0.006601,            0.006601
                 105,            0.049709,            0.016894,           0.0047681,              0.7669,                0.85,             0.79416,             0.33666,            0.030829,            0.010654,           0.0088684,            0.006568,            0.006568,            0.006568
                 106,            0.044764,            0.014784,           0.0066703,             0.89313,             0.77723,             0.80128,             0.46035,            0.026803,            0.010293,            0.007254,            0.006535,            0.006535,            0.006535
                 107,            0.046899,            0.013797,           0.0050936,             0.77899,             0.82637,             0.83187,             0.34655,            0.031554,            0.010642,           0.0073975,            0.006502,            0.006502,            0.006502
                 108,            0.042904,            0.016397,           0.0058654,              0.8525,               0.725,             0.84638,             0.40609,            0.029673,            0.010081,           0.0080215,            0.006469,            0.006469,            0.006469
                 109,            0.045172,            0.014331,            0.007328,             0.76284,              0.7375,             0.80036,             0.42454,            0.027851,           0.0099347,           0.0081345,            0.006436,            0.006436,            0.006436
                 110,            0.042417,            0.015668,           0.0042111,              0.7813,             0.72377,             0.79758,             0.42455,            0.027584,           0.0094559,            0.009433,            0.006403,            0.006403,            0.006403
                 111,            0.048568,            0.016373,           0.0065564,             0.55234,              0.5867,              0.5805,             0.19891,            0.039074,            0.010628,            0.010471,             0.00637,             0.00637,             0.00637
                 112,             0.04153,            0.019864,            0.009498,             0.76543,              0.7125,             0.74855,             0.37995,            0.029403,            0.010294,            0.011478,            0.006337,            0.006337,            0.006337
                 113,            0.042215,            0.015372,           0.0077418,             0.70682,              0.7125,             0.72703,             0.40285,            0.027601,           0.0098331,            0.013602,            0.006304,            0.006304,            0.006304
                 114,             0.04328,            0.015162,           0.0039409,             0.65902,             0.68254,             0.76673,             0.36923,            0.030755,            0.010035,            0.013971,            0.006271,            0.006271,            0.006271
                 115,            0.044694,            0.015217,           0.0085033,             0.64423,             0.75121,             0.75946,             0.38425,            0.031963,            0.010504,            0.015192,            0.006238,            0.006238,            0.006238
                 116,            0.042901,            0.015048,           0.0053963,             0.52671,             0.74118,             0.79155,             0.34875,            0.032106,            0.010387,            0.016446,            0.006205,            0.006205,            0.006205
                 117,            0.047643,            0.014185,            0.008414,             0.64327,              0.7125,             0.65096,             0.26674,            0.038503,            0.010367,            0.015115,            0.006172,            0.006172,            0.006172
                 118,             0.04872,            0.016057,           0.0048923,             0.58915,             0.71653,             0.75551,             0.32661,             0.03339,            0.010062,            0.016803,            0.006139,            0.006139,            0.006139
                 119,            0.044642,            0.014948,           0.0033308,             0.84863,              0.5875,             0.74617,             0.37396,             0.03318,           0.0096288,            0.014761,            0.006106,            0.006106,            0.006106
                 120,            0.041139,            0.015483,           0.0097951,             0.91287,             0.54941,             0.75248,             0.34903,            0.032816,           0.0094855,            0.014658,            0.006073,            0.006073,            0.006073
                 121,            0.041264,            0.013565,           0.0057283,             0.80783,             0.61758,              0.7944,             0.39658,             0.03229,           0.0094428,            0.014545,             0.00604,             0.00604,             0.00604
                 122,            0.042856,            0.014521,           0.0070005,             0.78209,             0.67971,             0.73741,             0.37682,            0.033006,           0.0094798,            0.012772,            0.006007,            0.006007,            0.006007
                 123,            0.042888,             0.01926,           0.0053501,             0.76241,             0.71978,             0.77844,             0.39091,            0.031623,           0.0093486,            0.011557,            0.005974,            0.005974,            0.005974
                 124,            0.040408,              0.0157,           0.0043444,             0.89643,             0.63437,             0.79717,             0.31165,            0.034698,           0.0097623,             0.01001,            0.005941,            0.005941,            0.005941
                 125,            0.042212,            0.014253,           0.0038514,             0.77631,             0.76325,             0.82884,             0.39549,            0.032664,            0.010198,           0.0086029,            0.005908,            0.005908,            0.005908
                 126,            0.037823,            0.014979,           0.0039178,             0.85731,             0.66566,             0.80398,             0.34554,            0.034517,             0.01019,           0.0085144,            0.005875,            0.005875,            0.005875
                 127,            0.041761,            0.014496,           0.0063538,             0.72634,             0.76809,             0.79443,             0.34706,            0.032243,           0.0098467,           0.0083649,            0.005842,            0.005842,            0.005842
                 128,            0.039749,            0.014695,           0.0029548,             0.76455,             0.73959,              0.8235,             0.37124,            0.033094,           0.0097659,           0.0084381,            0.005809,            0.005809,            0.005809
                 129,            0.040051,            0.014286,           0.0045316,             0.89968,             0.68192,             0.82718,              0.4045,            0.030006,           0.0098791,           0.0073486,            0.005776,            0.005776,            0.005776
                 130,            0.036718,            0.013975,           0.0036442,             0.89334,              0.6725,             0.82429,             0.35828,            0.031814,           0.0097399,           0.0074646,            0.005743,            0.005743,            0.005743
                 131,            0.035953,            0.013544,           0.0037554,             0.84316,             0.60833,              0.7455,             0.34916,             0.03167,           0.0098271,           0.0074051,             0.00571,             0.00571,             0.00571
                 132,            0.038134,            0.014256,           0.0027877,             0.77763,             0.62225,             0.75327,             0.36033,            0.033584,           0.0098729,           0.0076492,            0.005677,            0.005677,            0.005677
                 133,            0.041142,             0.01628,            0.004969,              0.7325,              0.7375,             0.77183,             0.36587,            0.032263,           0.0094912,            0.007341,            0.005644,            0.005644,            0.005644
                 134,             0.04086,            0.013794,           0.0057852,             0.73183,              0.7375,             0.76889,             0.38333,            0.032682,           0.0095789,           0.0070633,            0.005611,            0.005611,            0.005611
                 135,            0.037677,            0.017219,           0.0059597,             0.79687,             0.59166,              0.7192,             0.36034,            0.033522,            0.010662,           0.0068298,            0.005578,            0.005578,            0.005578
                 136,            0.036566,            0.014306,           0.0044657,             0.85966,             0.54098,             0.70738,             0.34729,            0.035051,            0.011715,           0.0071014,            0.005545,            0.005545,            0.005545
                 137,            0.038912,            0.013473,           0.0038398,             0.71979,              0.6125,             0.67232,              0.3123,            0.035921,            0.012166,           0.0075256,            0.005512,            0.005512,            0.005512
                 138,             0.03732,            0.014256,            0.005438,             0.71245,             0.60323,             0.64559,             0.34294,            0.035855,            0.012208,           0.0081635,            0.005479,            0.005479,            0.005479
                 139,            0.041785,            0.012853,           0.0041025,              0.7521,             0.60802,             0.66399,             0.32403,            0.035844,            0.012201,           0.0078064,            0.005446,            0.005446,            0.005446
                 140,            0.042525,             0.01637,           0.0075078,             0.74692,              0.7099,             0.78084,             0.36586,             0.03252,            0.011282,           0.0079681,            0.005413,            0.005413,            0.005413
                 141,            0.036517,            0.013556,           0.0024357,             0.70202,             0.63242,              0.6834,             0.33563,             0.03696,            0.010867,           0.0076843,             0.00538,             0.00538,             0.00538
                 142,            0.035649,            0.013264,           0.0065209,             0.94797,              0.6625,             0.79872,             0.42607,            0.030075,              0.0105,           0.0076904,            0.005347,            0.005347,            0.005347
                 143,            0.043538,            0.015223,           0.0031283,             0.84268,             0.55433,             0.64572,             0.33005,            0.037781,            0.010605,           0.0072571,            0.005314,            0.005314,            0.005314
                 144,            0.045851,            0.014925,            0.005026,             0.90751,             0.61172,             0.77499,             0.39365,            0.030396,            0.010498,           0.0069794,            0.005281,            0.005281,            0.005281
                 145,            0.038706,            0.015892,           0.0042483,             0.82233,              0.6125,             0.76294,             0.41832,            0.031387,             0.01025,           0.0067688,            0.005248,            0.005248,            0.005248
                 146,            0.040084,            0.013948,           0.0072612,             0.89006,             0.65794,             0.79618,             0.45214,            0.025983,           0.0099647,           0.0067337,            0.005215,            0.005215,            0.005215
                 147,            0.040381,            0.015648,           0.0066317,             0.75229,              0.6637,              0.7644,             0.34706,            0.032261,             0.01003,            0.006839,            0.005182,            0.005182,            0.005182
                 148,            0.040902,            0.014462,           0.0046353,             0.96925,             0.61028,             0.78627,             0.38639,            0.028334,           0.0099144,           0.0065765,            0.005149,            0.005149,            0.005149
                 149,            0.036878,            0.015841,           0.0034851,             0.68588,               0.575,             0.69176,             0.38811,            0.030124,             0.01003,           0.0067795,            0.005116,            0.005116,            0.005116
                 150,            0.039988,            0.012753,           0.0064749,             0.82444,             0.73189,             0.84058,             0.39336,            0.028475,           0.0099699,            0.006813,            0.005083,            0.005083,            0.005083
                 151,            0.036416,            0.015666,           0.0069437,             0.82743,              0.7375,             0.84435,              0.3826,            0.028987,             0.01012,           0.0071762,             0.00505,             0.00505,             0.00505
                 152,            0.043448,            0.012521,           0.0032277,             0.88007,             0.83578,             0.85229,             0.41543,            0.026337,            0.010153,           0.0071304,            0.005017,            0.005017,            0.005017
                 153,            0.042071,            0.013116,           0.0057424,             0.76726,             0.77956,             0.78033,             0.38968,            0.029329,           0.0099113,           0.0070023,            0.004984,            0.004984,            0.004984
                 154,            0.037319,            0.014096,           0.0075809,             0.86928,             0.83219,             0.84699,             0.42109,            0.027085,           0.0098679,           0.0071594,            0.004951,            0.004951,            0.004951
                 155,            0.041227,            0.014348,           0.0063531,             0.80077,             0.84172,             0.83669,             0.42533,             0.02698,           0.0097854,           0.0072769,            0.004918,            0.004918,            0.004918
                 156,            0.035561,            0.014574,           0.0039029,             0.79482,             0.83865,             0.82806,             0.43934,            0.026673,           0.0098963,            0.007106,            0.004885,            0.004885,            0.004885
                 157,            0.034936,            0.014431,           0.0024458,             0.82606,                 0.8,             0.84041,             0.44928,            0.025582,           0.0099821,           0.0072769,            0.004852,            0.004852,            0.004852
                 158,            0.034709,            0.015285,            0.005036,              0.8327,             0.79945,              0.8567,             0.45772,            0.025027,           0.0098524,           0.0076782,            0.004819,            0.004819,            0.004819
                 159,             0.03543,            0.013312,           0.0025575,              0.8788,             0.82848,             0.81699,             0.45785,            0.025122,            0.009676,           0.0077148,            0.004786,            0.004786,            0.004786
                 160,            0.039683,            0.011931,           0.0028812,             0.76239,             0.84474,             0.83168,             0.45958,              0.0249,           0.0096471,           0.0072388,            0.004753,            0.004753,            0.004753
                 161,            0.033701,            0.012629,            0.003281,               0.833,                 0.8,             0.84761,             0.46911,            0.025026,           0.0093803,           0.0067474,             0.00472,             0.00472,             0.00472
                 162,             0.03412,            0.011433,           0.0054343,             0.81702,                 0.8,             0.84752,             0.46978,            0.025149,           0.0093906,           0.0057877,            0.004687,            0.004687,            0.004687
                 163,            0.034949,            0.014076,           0.0038116,             0.77441,             0.89153,             0.82285,             0.45276,            0.027701,           0.0094039,            0.004892,            0.004654,            0.004654,            0.004654
                 164,             0.03985,            0.014949,           0.0057979,             0.77856,                 0.9,             0.86773,             0.42397,            0.026858,           0.0093024,           0.0042786,            0.004621,            0.004621,            0.004621
                 165,            0.034834,            0.011986,           0.0019635,             0.78896,                 0.9,             0.81324,             0.46171,            0.027602,           0.0094311,           0.0040039,            0.004588,            0.004588,            0.004588
                 166,            0.038755,            0.016046,           0.0059184,             0.79734,             0.89445,             0.79862,             0.44188,            0.027845,           0.0094113,           0.0037933,            0.004555,            0.004555,            0.004555
                 167,            0.035803,           0.0095865,           0.0068251,             0.79303,                 0.9,             0.86115,             0.44552,            0.028011,           0.0094478,           0.0039108,            0.004522,            0.004522,            0.004522
                 168,            0.035032,            0.013991,           0.0037441,              0.7794,              0.8976,             0.87237,             0.44588,             0.02721,           0.0093935,           0.0038437,            0.004489,            0.004489,            0.004489
                 169,              0.0374,            0.014964,           0.0043445,             0.78546,                 0.9,             0.87237,             0.48627,            0.026009,           0.0093048,           0.0035141,            0.004456,            0.004456,            0.004456
                 170,            0.035992,             0.01282,           0.0022315,             0.80889,             0.82126,             0.88214,             0.47162,            0.026352,            0.008991,           0.0033684,            0.004423,            0.004423,            0.004423
                 171,            0.033285,             0.01239,           0.0028109,             0.82279,             0.82859,             0.87218,             0.45389,            0.027376,           0.0091522,           0.0033707,             0.00439,             0.00439,             0.00439
                 172,            0.035863,            0.015695,           0.0035525,                   1,             0.71538,             0.89808,             0.48878,            0.026572,           0.0088551,            0.003595,            0.004357,            0.004357,            0.004357
                 173,            0.036072,            0.014225,           0.0044928,              0.8276,             0.83221,             0.88793,             0.44027,            0.026891,           0.0089154,           0.0035965,            0.004324,            0.004324,            0.004324
                 174,            0.036832,            0.012227,           0.0052577,              0.8356,              0.8342,             0.87886,             0.50236,            0.024686,           0.0086379,            0.003923,            0.004291,            0.004291,            0.004291
                 175,            0.035748,            0.012168,           0.0051089,             0.83856,             0.81846,             0.87235,             0.48408,            0.025156,            0.008636,           0.0043076,            0.004258,            0.004258,            0.004258
                 176,            0.030241,            0.011188,           0.0024276,             0.86152,             0.80783,             0.87239,             0.50935,            0.025608,           0.0085979,           0.0046204,            0.004225,            0.004225,            0.004225
                 177,            0.034357,            0.013942,           0.0026293,             0.87428,             0.81799,             0.86664,             0.44741,            0.026899,           0.0086768,           0.0049713,            0.004192,            0.004192,            0.004192
                 178,            0.034589,            0.011672,           0.0027275,             0.79319,              0.8375,             0.86512,             0.49095,             0.02652,           0.0083771,           0.0055801,            0.004159,            0.004159,            0.004159
                 179,            0.032202,            0.013591,           0.0042439,             0.84023,              0.7875,             0.86087,             0.46492,            0.025718,           0.0084627,            0.005722,            0.004126,            0.004126,            0.004126
                 180,            0.033981,            0.014423,           0.0064915,             0.84695,              0.7875,             0.85079,              0.4297,            0.027256,           0.0086651,           0.0064728,            0.004093,            0.004093,            0.004093
                 181,            0.034811,            0.013429,           0.0034779,             0.84581,              0.7875,             0.82937,             0.47371,            0.025413,           0.0083389,           0.0069077,             0.00406,             0.00406,             0.00406
                 182,            0.031367,            0.012828,           0.0015735,             0.84369,              0.7875,             0.83012,             0.41801,            0.028359,           0.0084391,           0.0073868,            0.004027,            0.004027,            0.004027
                 183,            0.038015,            0.011212,           0.0035419,             0.84393,              0.7875,             0.83466,             0.49583,            0.025298,           0.0083065,           0.0076065,            0.003994,            0.003994,            0.003994
                 184,            0.035835,            0.013003,            0.006403,             0.84262,              0.7875,             0.83456,             0.46815,            0.026429,           0.0083866,           0.0077454,            0.003961,            0.003961,            0.003961
                 185,            0.032357,             0.01435,           0.0034491,             0.83936,              0.7875,               0.838,             0.43914,            0.027183,            0.008652,           0.0080109,            0.003928,            0.003928,            0.003928
                 186,            0.036592,            0.014388,           0.0041845,             0.85306,              0.7875,             0.84059,              0.4895,            0.026615,           0.0086551,           0.0081665,            0.003895,            0.003895,            0.003895
                 187,            0.031864,             0.01136,            0.004011,              0.8384,             0.77658,             0.83493,             0.47145,            0.026693,           0.0089924,            0.008493,            0.003862,            0.003862,            0.003862
                 188,            0.031208,            0.012338,           0.0040459,             0.83351,             0.76109,             0.84334,             0.49771,             0.02717,           0.0088298,           0.0089905,            0.003829,            0.003829,            0.003829
                 189,            0.033957,            0.013173,           0.0040584,             0.84062,               0.725,             0.82778,             0.46272,            0.027017,             0.00899,           0.0094025,            0.003796,            0.003796,            0.003796
                 190,            0.034122,            0.012486,           0.0038249,             0.83299,               0.725,              0.8231,             0.49668,            0.026422,           0.0089388,           0.0098602,            0.003763,            0.003763,            0.003763
                 191,             0.03147,            0.013147,           0.0020366,             0.82959,               0.725,             0.79163,             0.43263,            0.027855,            0.009078,            0.010233,             0.00373,             0.00373,             0.00373
                 192,            0.034534,            0.014082,           0.0027213,             0.76521,             0.72318,             0.75374,             0.45397,            0.027417,           0.0089545,            0.010791,            0.003697,            0.003697,            0.003697
                 193,            0.032976,            0.012599,            0.002845,             0.92538,             0.65571,              0.7986,             0.40616,            0.028236,           0.0090446,            0.010855,            0.003664,            0.003664,            0.003664
                 194,            0.034206,            0.011405,            0.003479,             0.82672,             0.72049,             0.82493,             0.44939,            0.026297,           0.0089593,            0.010275,            0.003631,            0.003631,            0.003631
                 195,            0.035005,            0.012393,           0.0018358,             0.71143,              0.7377,             0.77765,             0.46604,            0.026884,           0.0091286,            0.010016,            0.003598,            0.003598,            0.003598
                 196,            0.031633,            0.010837,           0.0020424,             0.86088,             0.72246,             0.78312,             0.44739,            0.026698,           0.0092077,           0.0097748,            0.003565,            0.003565,            0.003565
                 197,            0.033162,            0.012689,           0.0018738,             0.74872,             0.72753,             0.78111,             0.43752,            0.026635,           0.0091264,           0.0095551,            0.003532,            0.003532,            0.003532
                 198,            0.040317,            0.011846,           0.0047339,               0.855,             0.71648,             0.79577,             0.44091,            0.026008,           0.0090191,           0.0090363,            0.003499,            0.003499,            0.003499
                 199,            0.029665,             0.01303,           0.0019365,             0.85645,             0.77516,             0.81913,             0.45328,            0.026241,           0.0091004,           0.0087646,            0.003466,            0.003466,            0.003466
                 200,            0.033289,            0.013986,           0.0042494,             0.84852,             0.77938,             0.81241,             0.45348,            0.025352,           0.0089486,           0.0085419,            0.003433,            0.003433,            0.003433
                 201,            0.030863,            0.010771,           0.0023631,              0.8329,             0.79711,             0.84512,             0.47077,            0.025596,           0.0089939,           0.0086914,              0.0034,              0.0034,              0.0034
                 202,            0.033522,            0.012523,           0.0035401,             0.86801,             0.73912,             0.84594,             0.47448,             0.02565,           0.0089459,           0.0088165,            0.003367,            0.003367,            0.003367
                 203,            0.033051,            0.011898,           0.0036307,             0.84494,             0.83031,             0.85526,             0.46363,            0.025642,            0.008827,           0.0083099,            0.003334,            0.003334,            0.003334
                 204,             0.03297,            0.013204,           0.0031978,             0.80595,             0.84616,             0.85774,             0.52998,            0.024712,            0.008934,           0.0079193,            0.003301,            0.003301,            0.003301
                 205,            0.032818,            0.013965,           0.0061674,             0.79878,                0.85,             0.86885,             0.53113,            0.024925,           0.0090868,           0.0075836,            0.003268,            0.003268,            0.003268
                 206,            0.031548,            0.011153,           0.0029063,             0.80193,             0.84017,             0.86882,             0.54896,            0.024785,           0.0091348,           0.0073868,            0.003235,            0.003235,            0.003235
                 207,            0.028734,            0.010322,           0.0043081,             0.80287,             0.87528,             0.87879,             0.51975,            0.025479,           0.0092165,           0.0068268,            0.003202,            0.003202,            0.003202
                 208,             0.03062,            0.012537,           0.0024696,             0.86818,             0.78557,             0.87734,             0.54439,            0.024459,           0.0091212,           0.0063614,            0.003169,            0.003169,            0.003169
                 209,            0.028552,            0.013615,           0.0019173,             0.85804,             0.78092,              0.8793,              0.5374,             0.02443,           0.0090387,            0.006015,            0.003136,            0.003136,            0.003136
                 210,            0.028002,            0.010681,           0.0016544,             0.75519,             0.89848,             0.87663,             0.52194,            0.023941,           0.0089185,           0.0059113,            0.003103,            0.003103,            0.003103
                 211,            0.030537,            0.011574,           0.0029277,             0.80171,             0.87451,             0.89065,             0.51714,            0.024281,           0.0089738,           0.0056885,             0.00307,             0.00307,             0.00307
                 212,            0.034427,            0.012585,           0.0026125,             0.79498,             0.88969,             0.89221,             0.53448,             0.02345,            0.008949,           0.0053635,            0.003037,            0.003037,            0.003037
                 213,            0.031966,            0.011548,           0.0046372,             0.79939,             0.89979,              0.8895,              0.5667,            0.023505,           0.0089319,           0.0050728,            0.003004,            0.003004,            0.003004
                 214,             0.02769,            0.012125,           0.0019158,             0.81779,                0.85,             0.89235,             0.54946,            0.023844,           0.0091512,           0.0048843,            0.002971,            0.002971,            0.002971
                 215,            0.028489,            0.012536,           0.0022485,             0.87977,             0.84477,             0.89127,             0.55109,            0.023593,             0.00929,           0.0051315,            0.002938,            0.002938,            0.002938
                 216,            0.029693,            0.011625,           0.0020904,             0.87263,             0.84352,             0.89138,             0.52037,            0.024348,           0.0092704,           0.0052032,            0.002905,            0.002905,            0.002905
                 217,            0.029626,            0.012188,           0.0016202,             0.92955,              0.7375,             0.88441,             0.51108,            0.025296,           0.0094154,           0.0053467,            0.002872,            0.002872,            0.002872
                 218,            0.033199,            0.014682,           0.0023198,             0.86829,             0.82522,             0.88832,             0.52471,            0.024882,           0.0094569,           0.0055191,            0.002839,            0.002839,            0.002839
                 219,            0.030504,            0.010736,           0.0022191,             0.95762,              0.7375,             0.88312,             0.50756,            0.025502,            0.009352,           0.0056305,            0.002806,            0.002806,            0.002806
                 220,            0.029186,            0.012236,           0.0025344,             0.86788,             0.81771,              0.8881,             0.53035,            0.024333,           0.0092509,           0.0057205,            0.002773,            0.002773,            0.002773
                 221,            0.033508,            0.011391,           0.0041539,             0.86983,             0.82407,             0.87858,             0.51456,            0.024584,           0.0092552,           0.0059372,             0.00274,             0.00274,             0.00274
                 222,            0.030089,             0.01136,           0.0017216,             0.83977,                 0.8,             0.87449,             0.51601,             0.02417,           0.0091412,           0.0060318,            0.002707,            0.002707,            0.002707
                 223,            0.033447,            0.011923,           0.0030475,             0.84789,                 0.8,             0.87532,             0.51558,            0.024228,           0.0091796,           0.0060501,            0.002674,            0.002674,            0.002674
                 224,            0.030037,            0.012135,           0.0031958,             0.83893,                 0.8,             0.86591,             0.51157,            0.024327,           0.0091627,           0.0060852,            0.002641,            0.002641,            0.002641
                 225,            0.030448,            0.011551,           0.0030877,             0.80229,                 0.8,             0.86986,             0.51891,            0.024164,           0.0093343,           0.0061951,            0.002608,            0.002608,            0.002608
                 226,            0.028394,            0.014032,           0.0021774,             0.88713,             0.73209,             0.85941,              0.5081,            0.024645,           0.0094392,           0.0064056,            0.002575,            0.002575,            0.002575
                 227,            0.029496,            0.011555,            0.007222,             0.89204,             0.72592,             0.85397,             0.49227,            0.024853,           0.0093381,           0.0069016,            0.002542,            0.002542,            0.002542
                 228,            0.033136,            0.013343,           0.0024805,             0.89102,             0.71792,             0.83172,             0.49085,            0.023968,           0.0091667,           0.0075241,            0.002509,            0.002509,            0.002509
                 229,            0.032526,            0.011913,           0.0027888,             0.80597,              0.7375,             0.81208,             0.47803,            0.024224,           0.0091479,           0.0079254,            0.002476,            0.002476,            0.002476
                 230,            0.031209,             0.01009,           0.0041196,             0.74842,             0.84422,             0.82044,             0.49676,            0.024026,           0.0090888,           0.0082703,            0.002443,            0.002443,            0.002443
                 231,            0.035035,            0.014062,           0.0031977,             0.74507,             0.83331,             0.82537,             0.50406,            0.025309,           0.0092258,           0.0086151,             0.00241,             0.00241,             0.00241
                 232,            0.029993,            0.012714,            0.002074,             0.71379,             0.83705,             0.82541,             0.49736,            0.024263,           0.0091321,           0.0085388,            0.002377,            0.002377,            0.002377
                 233,            0.030529,            0.012831,            0.002649,             0.80472,             0.88325,             0.83879,             0.49624,             0.02511,           0.0093875,           0.0085175,            0.002344,            0.002344,            0.002344
                 234,            0.033009,            0.014032,            0.002991,             0.78595,             0.89234,             0.83884,             0.49973,            0.023896,           0.0093513,           0.0082214,            0.002311,            0.002311,            0.002311
                 235,            0.028514,            0.011947,            0.001773,             0.74346,             0.88784,             0.83432,             0.47012,             0.02422,           0.0093915,           0.0079376,            0.002278,            0.002278,            0.002278
                 236,            0.026785,            0.011764,            0.001688,             0.76924,             0.84854,             0.83894,             0.49022,            0.024291,            0.009496,           0.0076233,            0.002245,            0.002245,            0.002245
                 237,            0.027241,             0.01319,           0.0016012,             0.81966,             0.88777,             0.83635,              0.4996,            0.023854,           0.0094481,           0.0074585,            0.002212,            0.002212,            0.002212
                 238,            0.029555,            0.013356,           0.0020785,             0.81781,             0.89504,             0.83266,             0.49777,            0.024748,           0.0095227,           0.0074951,            0.002179,            0.002179,            0.002179
                 239,            0.026275,            0.011692,           0.0013236,             0.83425,             0.85092,             0.84044,             0.50861,             0.02475,           0.0094812,           0.0075012,            0.002146,            0.002146,            0.002146
                 240,            0.031081,             0.01308,           0.0035107,             0.80091,             0.88833,             0.83384,             0.51449,            0.025852,           0.0096493,           0.0076294,            0.002113,            0.002113,            0.002113
                 241,            0.026809,            0.011976,           0.0016915,             0.83355,             0.89283,             0.84586,             0.49954,            0.024744,           0.0096438,           0.0075623,             0.00208,             0.00208,             0.00208
                 242,            0.029515,            0.011997,           0.0041091,             0.86523,             0.81565,             0.84212,             0.50856,            0.024899,           0.0096607,            0.007901,            0.002047,            0.002047,            0.002047
                 243,            0.032943,            0.011804,           0.0026362,             0.86389,             0.81465,             0.84364,             0.51245,             0.02364,           0.0097082,           0.0079956,            0.002014,            0.002014,            0.002014
                 244,            0.034281,            0.011644,           0.0051953,             0.87087,             0.81221,                0.85,             0.52882,            0.024245,           0.0098724,           0.0079285,            0.001981,            0.001981,            0.001981
                 245,            0.025798,            0.012027,           0.0018594,             0.79482,             0.89767,             0.84897,             0.50482,            0.025683,            0.010012,           0.0079468,            0.001948,            0.001948,            0.001948
                 246,            0.030391,            0.011015,           0.0043233,             0.86098,             0.80785,             0.85792,             0.55094,            0.023546,           0.0099754,             0.00802,            0.001915,            0.001915,            0.001915
                 247,              0.0289,            0.011466,           0.0026112,              0.8632,             0.81458,             0.86659,              0.5279,            0.024024,            0.010094,           0.0080322,            0.001882,            0.001882,            0.001882
                 248,            0.030873,            0.011254,           0.0037314,             0.84616,             0.82936,             0.86772,             0.52569,            0.024198,            0.010222,           0.0080231,            0.001849,            0.001849,            0.001849
                 249,            0.030926,            0.012447,           0.0026608,             0.84169,             0.83963,             0.86779,             0.52408,            0.024727,            0.010197,           0.0080444,            0.001816,            0.001816,            0.001816
                 250,             0.02896,            0.014003,           0.0035669,             0.84886,             0.84012,             0.86107,             0.48051,            0.025745,            0.010286,           0.0081329,            0.001783,            0.001783,            0.001783
                 251,            0.029857,            0.015234,           0.0048146,             0.86316,             0.84374,             0.86479,             0.50618,            0.024968,            0.010202,           0.0081299,             0.00175,             0.00175,             0.00175
                 252,            0.029142,            0.011955,           0.0019438,             0.87081,             0.84839,             0.86476,             0.50398,            0.024693,            0.010143,           0.0081909,            0.001717,            0.001717,            0.001717
                 253,            0.028362,            0.011039,           0.0029994,             0.87633,                0.85,             0.86633,             0.50718,            0.024622,            0.010116,           0.0081818,            0.001684,            0.001684,            0.001684
                 254,            0.031551,            0.013195,           0.0038799,             0.86881,              0.8453,             0.87262,             0.50682,            0.025274,            0.010055,           0.0081726,            0.001651,            0.001651,            0.001651
                 255,            0.030264,            0.011929,           0.0016007,             0.85997,             0.84509,             0.88765,             0.50501,            0.025131,                0.01,           0.0082977,            0.001618,            0.001618,            0.001618
                 256,             0.02834,            0.012676,           0.0020154,             0.85335,             0.84515,             0.88751,             0.52652,            0.024982,           0.0099523,           0.0083313,            0.001585,            0.001585,            0.001585
                 257,            0.027054,            0.011093,           0.0013196,             0.84873,             0.84477,             0.88758,             0.52165,            0.025157,           0.0099082,           0.0084045,            0.001552,            0.001552,            0.001552
                 258,            0.022193,            0.011434,           0.0031204,             0.84884,             0.84518,             0.89083,             0.51015,            0.024468,           0.0098755,           0.0081909,            0.001519,            0.001519,            0.001519
                 259,             0.02825,           0.0098779,            0.001791,             0.84997,             0.84802,              0.8984,              0.5164,            0.023634,           0.0097113,           0.0079773,            0.001486,            0.001486,            0.001486
                 260,            0.028719,            0.011905,           0.0025355,             0.84868,                0.85,             0.90385,             0.55657,            0.023633,           0.0095968,           0.0078156,            0.001453,            0.001453,            0.001453
                 261,            0.033871,            0.010875,           0.0026895,             0.84628,                0.85,              0.9039,             0.55316,            0.023277,           0.0095739,           0.0075958,             0.00142,             0.00142,             0.00142
                 262,            0.029913,            0.012388,           0.0024963,             0.84581,                0.85,             0.90236,             0.53379,             0.02373,           0.0096118,           0.0073334,            0.001387,            0.001387,            0.001387
                 263,            0.029042,            0.013333,           0.0035292,              0.8436,             0.88762,             0.90934,             0.54215,            0.023797,           0.0095849,            0.007283,            0.001354,            0.001354,            0.001354
                 264,            0.026628,           0.0097495,           0.0020272,             0.84755,             0.88982,             0.90947,             0.55633,            0.023393,           0.0095658,           0.0070511,            0.001321,            0.001321,            0.001321
                 265,            0.028305,            0.013059,           0.0017992,             0.84918,             0.88975,             0.90803,             0.54246,            0.023672,           0.0096152,           0.0070099,            0.001288,            0.001288,            0.001288
                 266,            0.029583,            0.011377,           0.0036649,             0.85283,             0.89039,             0.90819,             0.55161,            0.023429,           0.0096247,           0.0068329,            0.001255,            0.001255,            0.001255
                 267,            0.026007,            0.010621,           0.0050123,             0.86855,                0.85,             0.90322,              0.5436,            0.023301,           0.0096304,           0.0068863,            0.001222,            0.001222,            0.001222
                 268,            0.028421,            0.011238,           0.0017125,             0.87008,             0.84607,             0.89575,             0.54177,            0.023812,           0.0096781,           0.0069199,            0.001189,            0.001189,            0.001189
                 269,            0.026513,            0.011559,           0.0022482,             0.81833,             0.88687,             0.88917,             0.53172,            0.023672,           0.0096629,           0.0068939,            0.001156,            0.001156,            0.001156
                 270,            0.028763,            0.010979,           0.0034817,             0.79168,             0.88699,             0.88291,             0.55079,            0.023797,           0.0096838,           0.0069229,            0.001123,            0.001123,            0.001123
                 271,            0.025224,            0.010129,           0.0015427,             0.79185,              0.8868,              0.8857,             0.53831,            0.023813,           0.0096247,            0.006897,             0.00109,             0.00109,             0.00109
                 272,            0.026409,           0.0095999,           0.0024006,             0.79444,             0.88844,             0.87814,             0.52347,            0.023879,           0.0095446,           0.0067291,            0.001057,            0.001057,            0.001057
                 273,             0.02621,            0.011213,           0.0014793,             0.79643,             0.88939,             0.87796,             0.54508,            0.024006,           0.0094893,           0.0067535,            0.001024,            0.001024,            0.001024
                 274,            0.028858,           0.0085327,           0.0024263,             0.79947,             0.89101,             0.87457,             0.54565,            0.023956,           0.0094454,           0.0067047,            0.000991,            0.000991,            0.000991
                 275,            0.025991,            0.010727,           0.0020832,              0.7964,              0.8899,             0.87555,             0.54585,            0.023932,           0.0094397,           0.0067093,            0.000958,            0.000958,            0.000958
                 276,            0.027121,            0.011458,           0.0011388,              0.7954,                0.89,             0.87882,             0.54688,            0.023865,           0.0094035,           0.0066711,            0.000925,            0.000925,            0.000925
                 277,            0.028636,            0.011489,           0.0031145,             0.79576,             0.89035,             0.87619,             0.54726,            0.023816,           0.0093615,           0.0066132,            0.000892,            0.000892,            0.000892
                 278,            0.026186,            0.011293,           0.0075433,             0.79287,             0.88979,             0.88523,              0.5441,            0.023646,           0.0092852,           0.0065613,            0.000859,            0.000859,            0.000859
                 279,            0.027031,            0.010928,           0.0035887,             0.78925,             0.89157,             0.88523,              0.5435,            0.023493,           0.0092146,           0.0064499,            0.000826,            0.000826,            0.000826
                 280,            0.024994,            0.010255,           0.0028218,             0.78946,             0.89247,             0.88517,             0.54347,            0.023643,           0.0091765,           0.0063629,            0.000793,            0.000793,            0.000793
                 281,            0.028433,            0.012905,           0.0032482,             0.78907,             0.89354,             0.88523,             0.54328,             0.02349,           0.0091593,           0.0062744,             0.00076,             0.00076,             0.00076
                 282,            0.030797,             0.01446,           0.0046185,             0.79056,             0.89468,             0.88542,              0.5525,            0.023345,           0.0091155,           0.0061325,            0.000727,            0.000727,            0.000727
                 283,            0.028115,            0.011196,           0.0019282,             0.79066,             0.89503,             0.89028,             0.55847,            0.023462,           0.0090983,           0.0060455,            0.000694,            0.000694,            0.000694
                 284,            0.024107,            0.010183,           0.0011361,              0.7928,             0.89581,             0.89028,             0.54787,            0.023528,           0.0090659,           0.0059601,            0.000661,            0.000661,            0.000661
                 285,            0.028243,           0.0086882,           0.0022464,             0.79332,             0.89835,             0.89169,             0.53949,            0.023419,           0.0090334,           0.0058487,            0.000628,            0.000628,            0.000628
                 286,            0.023453,            0.010417,           0.0013289,              0.7935,                 0.9,             0.89162,             0.54244,            0.023416,           0.0090258,           0.0057861,            0.000595,            0.000595,            0.000595
                 287,            0.028791,            0.012564,           0.0020022,             0.78986,                 0.9,             0.89162,             0.54413,            0.023311,           0.0090163,           0.0057266,            0.000562,            0.000562,            0.000562
                 288,            0.026175,            0.010335,           0.0021435,             0.79108,                 0.9,             0.89162,             0.54428,            0.023216,            0.009001,           0.0057907,            0.000529,            0.000529,            0.000529
                 289,             0.02919,            0.012067,           0.0019734,             0.79102,                 0.9,             0.89156,             0.54418,            0.023179,           0.0090182,           0.0058289,            0.000496,            0.000496,            0.000496
                 290,            0.028682,            0.011828,           0.0022735,             0.78726,                 0.9,             0.89156,             0.54004,            0.023346,           0.0090353,           0.0058304,            0.000463,            0.000463,            0.000463
                 291,             0.02593,            0.010904,           0.0014577,             0.83982,              0.8914,             0.89503,             0.55852,            0.023388,           0.0090315,           0.0058868,             0.00043,             0.00043,             0.00043
                 292,            0.028672,            0.012122,           0.0017496,             0.84157,             0.89354,             0.89356,             0.55476,            0.023369,            0.009043,           0.0059418,            0.000397,            0.000397,            0.000397
                 293,            0.028435,            0.011258,           0.0048433,             0.83999,             0.89037,             0.89345,             0.55361,            0.023372,           0.0090582,           0.0059799,            0.000364,            0.000364,            0.000364
                 294,            0.029509,             0.01355,           0.0018417,             0.83991,             0.89089,             0.89335,             0.55908,            0.023358,           0.0090716,           0.0060165,            0.000331,            0.000331,            0.000331
                 295,            0.026195,            0.010285,           0.0017237,             0.86694,             0.81465,             0.88962,             0.56382,            0.023336,           0.0090582,           0.0060593,            0.000298,            0.000298,            0.000298
                 296,              0.0295,            0.012253,           0.0023126,             0.86635,             0.81569,              0.8883,             0.55358,            0.023397,           0.0090716,           0.0060867,            0.000265,            0.000265,            0.000265
                 297,             0.02661,            0.012867,           0.0015651,             0.86617,             0.81911,             0.88821,              0.5514,            0.023452,           0.0090964,           0.0061279,            0.000232,            0.000232,            0.000232
                 298,            0.026378,             0.01171,           0.0028895,              0.8646,              0.8194,              0.8885,             0.54884,             0.02351,            0.009104,           0.0061508,            0.000199,            0.000199,            0.000199
                 299,            0.025497,           0.0086004,           0.0012228,             0.86454,              0.8191,             0.88839,             0.55087,            0.023525,           0.0091174,           0.0062012,            0.000166,            0.000166,            0.000166
